posted_date,description,amount,currency
2026-01-06,GROCERY MARKET,84.12,USD
2026-01-09,STREAMING SERVICE,22.99,USD
2026-01-12,Platinum Digital Entertainment Credit,-22.99,USD
2026-01-15,WALMART+ MEMBERSHIP,12.95,USD
2026-01-18,Platinum Walmart+ Credit,-12.95,USD
2026-01-20,UBER ONE MEMBERSHIP,9.99,USD
2026-01-22,Platinum Uber One Credit,-9.99,USD
2026-02-08,STREAMING SERVICE,25.00,USD
2026-02-10,Platinum Digital Entertainment Credit,-25.00,USD
2026-02-14,RESY* NEIGHBORHOOD BISTRO,140.00,USD
2026-02-15,WALMART+ MEMBERSHIP,12.95,USD
2026-02-17,Platinum Resy Credit,-100.00,USD
2026-02-18,Platinum Walmart+ Credit,-12.95,USD
2026-02-20,UBER ONE MEMBERSHIP,9.99,USD
2026-02-22,Platinum Uber One Credit,-9.99,USD
2026-03-04,AIRLINE BAGGAGE FEE,70.00,USD
2026-03-07,Platinum Airline Fee Credit,-70.00,USD
2026-03-09,NEWS SUBSCRIPTION,15.00,USD
2026-03-11,Platinum Digital Entertainment Credit,-15.00,USD
2026-03-21,HOTEL PREPAID BOOKING,420.00,USD
2026-03-25,Platinum Hotel Credit,-300.00,USD
2026-04-11,CLEAR MEMBERSHIP,209.00,USD
2026-04-14,Platinum CLEAR Credit,-209.00,USD
2026-05-02,LULULEMON,98.00,USD
2026-05-05,Platinum Lululemon Credit,-75.00,USD
2026-05-09,STREAMING SERVICE,25.00,USD
2026-05-11,Platinum Digital Entertainment Credit,-25.00,USD
2026-05-24,RESY* HARBOR GRILL,60.00,USD
2026-05-27,Platinum Resy Credit,-60.00,USD
2026-06-09,STREAMING SERVICE,25.00,USD
2026-06-11,Platinum Digital Entertainment Credit,-25.00,USD
2026-06-19,COFFEE SHOP,6.50,USD
2026-07-03,GAS STATION,48.30,USD
2026-07-19,RESY* ROOFTOP,55.00,USD
2026-07-22,Platinum Resy Credit,-55.00,USD
2026-08-09,STREAMING SERVICE,25.00,USD
2026-08-11,Platinum Digital Entertainment Credit,-25.00,USD
2026-08-15,WALMART+ MEMBERSHIP,12.95,USD
2026-08-18,Platinum Walmart+ Credit,-12.95,USD
2026-09-06,GROCERY MARKET,61.40,USD
2026-09-19,BOOKSTORE,18.75,USD
